{
  "project_info": {
    "project_number": "981873378453",
    "firebase_url": "https://walkwalkrevolution-team26.firebaseio.com",
    "project_id": "walkwalkrevolution-team26",
    "storage_bucket": "walkwalkrevolution-team26.appspot.com"
  },
  "client": [
    {
      "client_info": {
        "mobilesdk_app_id": "1:981873378453:android:993de83e6eea2abc33479c",
        "android_client_info": {
          "package_name": "edu.ucsd.cse110.WalkWalkRevolution"
        }
      },
      "oauth_client": [
        {
          "client_id": "981873378453-ecvegs0aqajf957br3ha1qumqlm1n3lp.apps.googleusercontent.com",
          "client_type": 1,
          "android_info": {
            "package_name": "edu.ucsd.cse110.WalkWalkRevolution",
            "certificate_hash": "2937bcb641b7e16fa0030fd36c95b2991490306b"
          }
        },
        {
          "client_id": "981873378453-th8sjgb0qug5p2tir3rjqvietvl1o7q8.apps.googleusercontent.com",
          "client_type": 3
        }
      ],
      "api_key": [
        {
          "current_key": "AIzaSyB5VQZRPx4G0sajcmLlVD1665JsUwdpg8A"
        }
      ],
      "services": {
        "appinvite_service": {
          "other_platform_oauth_client": [
            {
              "client_id": "981873378453-th8sjgb0qug5p2tir3rjqvietvl1o7q8.apps.googleusercontent.com",
              "client_type": 3
            }
          ]
        }
      }
    }
  ],
  "configuration_version": "1"
}